ncl,cltype,maxpix x,maxpix y,maxpix v,ra dec,SGMC,Npix,Nvox,lumco,errlumco,COmax,mlumco,errmlumco,line_ratio,alphaco,meansigv,errsigv,a,b,R,errR,area,perim,density,densityerr,pressure,pressure_err,alphavir,erralphavir
0,0,685,1612,24,12h01m54.4406s -18d53m11.4666s,1,2.261e+04,6.634e+04,5.663e+06,123.6,8.4534025,1.624e+08,1.624e+07,26.36363636,0.8,94.67,7.405,84.83,217.8,220.2,121.9,1.334e+05,6705,1066,106.9,7.99e+07,1.335e+08,14.07,8.216
1,1,685,1612,24,12h01m54.4406s -18d53m11.4666s,1,1.845e+04,5.69e+04,4.228e+06,114.6,8.4534025,1.213e+08,1.213e+07,26.36363636,0.8,92.34,7.241,68.31,215.7,196.5,148.5,8.159e+04,4312,999.5,100.6,7.987e+07,1.817e+08,16,12.45
2,1,685,1612,24,12h01m54.4406s -18d53m11.4666s,1,8604,2.879e+04,2.473e+06,81.87,8.4534025,7.093e+07,7.093e+06,26.36363636,0.8,54.79,2.894,87.5,63.26,119.6,34.06,4.5e+04,2291,1577,158.1,7.288e+07,6.314e+07,5.864,1.875
3,1,685,1612,24,12h01m54.4406s -18d53m11.4666s,1,1.89e+04,5.789e+04,4.463e+06,115.5,8.4534025,1.28e+08,1.28e+07,26.36363636,0.8,90.76,6.942,78.08,207,205.9,53.17,8.409e+04,4166,960.9,96.16,7.081e+07,5.635e+07,15.35,4.855
4,1,685,1612,24,12h01m54.4406s -18d53m11.4666s,1,7341,2.487e+04,1.888e+06,76.2,8.4534025,5.415e+07,5.415e+06,26.36363636,0.8,54.86,2.914,28.84,87.59,79.78,52.79,3.06e+04,1523,2708,279.1,1.882e+08,3.746e+08,5.136,3.48
5,1,685,1612,24,12h01m54.4406s -18d53m11.4666s,1,7162,2.456e+04,1.737e+06,75.73,8.4534025,4.982e+07,4.982e+06,26.36363636,0.8,53.23,2.905,29.2,87.17,80.1,54.78,2.617e+04,1242,2472,255.1,1.61e+08,3.312e+08,5.275,3.691
6,1,685,1612,24,12h01m54.4406s -18d53m11.4666s,1,695,2.401e+04,1.501e+06,74.91,8.4534025,4.306e+07,4.306e+06,26.36363636,0.8,51.74,2.945,28.69,87.15,79.35,57.56,2.339e+04,1123,2177,225.7,1.353e+08,2.951e+08,5.713,4.234
7,2,508,1904,21,12h01m54.1525s -18d53m11.5085s,1,311,328,1.46e+05,14.12,2.843526,4.187e+06,4.187e+05,26.36363636,0.8,24.86,1.228,18.32,37.38,38.72,14.58,4975,394.2,889.1,92.61,2.613e+07,2.975e+07,6.616,2.66
8,1,759,1668,13,12h01m54.3853s -18d53m11.6206s,1,1113,359,3.367e+05,30.73,5.1022654,9.659e+06,9.659e+05,26.36363636,0.8,19.81,1.243,24.06,18.32,29.23,6.824,1.049e+04,872,3599,37,8.901e+07,6.396e+07,1.376,0.3897
9,0,1281,1480,25,12h01m54.5708s -18d53m11.4526s,2,3468,4748,5.883e+06,34.77,3.7053874,1.6e+08,1.6e+07,25,0.8,132,9.154,154.6,125.5,225.7,43.83,1.888e+05,6412,999.8,1,1.421e+08,8.625e+07,28.45,7.361
10,1,1281,1480,25,12h01m54.5708s -18d53m11.4526s,2,3468,4748,4.634e+06,34.77,3.7053874,1.26e+08,1.26e+07,25,0.8,67.21,3.043,154.7,65.89,163.2,93.01,1.521e+05,5286,1507,151.5,7.686e+07,1.319e+08,6.771,3.967
11,1,1281,1480,25,12h01m54.5708s -18d53m11.4526s,2,3468,4748,4.787e+06,34.77,3.7053874,1.302e+08,1.302e+07,25,0.8,67.27,3.057,150.4,64.51,159.2,76.48,1.59e+05,5585,1636,164.3,8.57e+07,1.241e+08,6.407,3.198
12,1,1281,1480,25,12h01m54.5708s -18d53m11.4526s,2,3467,4745,4.191e+06,34.76,3.7053874,1.14e+08,1.14e+07,25,0.8,67.04,3.059,152.1,66.49,162.5,58.23,1.388e+05,517,1374,137.7,6.998e+07,7.582e+07,7.42,2.842
13,1,1281,1480,25,12h01m54.5708s -18d53m11.4526s,2,3468,4748,5.361e+06,34.77,3.7053874,1.458e+08,1.458e+07,25,0.8,122.2,8.128,151.7,125.2,223.3,49.8,1.732e+05,6263,931,93.15,1.147e+08,7.907e+07,26.47,7.368
14,2,658,1651,15,12h01m54.4021s -18d53m11.5926s,1,,,1.094e+04,11.15,1.8903037,3.138e+05,3.138e+04,26.36363636,0.8,14.89,1.068,8.488,6.407,nan,1.911,889.7,152.3,nan,nan,nan,nan,nan,nan
15,1,759,1668,13,12h01m54.3853s -18d53m11.6206s,1,1097,3527,2.853e+05,30.5,5.1022654,8.184e+06,8.184e+05,26.36363636,0.8,16.96,1.059,21.93,17.59,26.63,5.149,8335,654,3674,376,7.313e+07,4.401e+07,1.084,0.2721
16,2,759,1668,13,12h01m54.3853s -18d53m11.6206s,1,1009,3197,1.582e+05,29.24,5.1022654,4.537e+06,4.537e+05,26.36363636,0.8,15.01,0.5319,16.5,15.68,19.32,5.605,392,340.5,387,424.5,8.319e+07,7.312e+07,1.112,0.3501
17,1,656,1696,16,12h01m54.3577s -18d53m11.5786s,1,1416,5342,2.192e+05,36.67,3.7518294,6.288e+06,6.288e+05,26.36363636,0.8,33.15,2.059,15.23,33.11,31.98,17.63,3938,391.2,1957,220.4,1.239e+08,2.059e+08,6.474,3.716
18,2,656,1696,16,12h01m54.3577s -18d53m11.5786s,1,1123,4546,1.796e+05,34.1,3.7518294,5.152e+06,5.152e+05,26.36363636,0.8,22.31,0.9965,14.53,31,29.66,14.94,3342,358.4,1864,209.2,5.761e+07,8.741e+07,3.317,1.73
19,1,1281,1480,25,12h01m54.5708s -18d53m11.4526s,2,3468,4748,4.649e+06,34.77,3.7053874,1.264e+08,1.264e+07,25,0.8,67.21,3.043,154.6,66.08,163.4,92.75,1.53e+05,5322,1508,151.6,7.681e+07,1.312e+08,6.759,3.944
20,1,1281,1480,25,12h01m54.5708s -18d53m11.4526s,2,3409,4685,3.886e+06,34.57,3.7053874,1.057e+08,1.057e+07,25,0.8,66.24,3.138,149.9,68.79,164.1,56.69,1.268e+05,476,1249,125.1,6.149e+07,6.427e+07,7.891,2.934
21,2,1277,1481,11,12h01m54.5698s -18d53m11.6486s,2,,,5514,11.15,1.350509,1.5e+05,1.5e+04,25,0.8,13.23,0.8044,12.72,5.189,nan,8.06,651.1,140.4,nan,nan,nan,nan,nan,nan
22,1,1281,1480,25,12h01m54.5708s -18d53m11.4526s,2,3399,4671,3.592e+06,34.52,3.7053874,9.771e+07,9.771e+06,25,0.8,66.31,3.129,147.9,66.91,160.7,63.76,1.188e+05,468,1204,120.7,6.066e+07,7.267e+07,8.379,3.518
23,1,1281,1480,25,12h01m54.5708s -18d53m11.4526s,2,3382,4652,3.454e+06,34.46,3.7053874,9.394e+07,9.394e+06,25,0.8,60.99,3.04,146.4,66.13,159,62.47,1.12e+05,4238,1183,118.7,5.1e+07,6.056e+07,7.289,3.044
24,1,1281,1480,25,12h01m54.5708s -18d53m11.4526s,2,3398,467,3.562e+06,34.52,3.7053874,9.689e+07,9.689e+06,25,0.8,60.95,3.03,146.7,66.57,159.7,70.86,1.183e+05,4689,121,121.4,5.187e+07,6.945e+07,7.09,3.302
25,1,1281,1480,25,12h01m54.5708s -18d53m11.4526s,2,335,4616,3.105e+06,34.34,3.7053874,8.446e+07,8.446e+06,25,0.8,59.63,3.104,146.1,65.95,158.6,60.76,1.04e+05,4504,1069,107.2,4.416e+07,5.117e+07,7.73,3.165
26,1,1281,1480,25,12h01m54.5708s -18d53m11.4526s,2,3347,4612,3.025e+06,34.32,3.7053874,8.227e+07,8.227e+06,25,0.8,59.53,3.089,145.5,65.86,158.1,59.41,9.812e+04,3918,1047,105,4.324e+07,4.914e+07,7.89,3.175
27,1,1281,1480,25,12h01m54.5708s -18d53m11.4526s,2,3273,4484,2.435e+06,33.89,3.7053874,6.623e+07,6.623e+06,25,0.8,60.16,3.253,143,64.36,154.9,81.73,8.532e+04,3772,878.1,88.26,3.778e+07,6.004e+07,9.806,5.37
28,1,1281,1480,25,12h01m54.5708s -18d53m11.4526s,2,32,4407,2.36e+06,33.63,3.7053874,6.419e+07,6.419e+06,25,0.8,59.08,3.152,142.7,64.23,154.6,85.19,8.292e+04,3584,854.7,85.96,3.554e+07,5.897e+07,9.737,5.55
29,1,685,1612,24,12h01m54.4406s -18d53m11.4666s,1,3792,1.267e+04,5.968e+05,54.95,8.4534025,1.712e+07,1.712e+06,26.36363636,0.8,25.38,0.952,16.42,32.83,33.39,16.02,1.073e+04,758.6,4889,532.4,1.738e+08,2.512e+08,1.455,0.7217
30,0,1316,1547,17,12h01m54.5047s -18d53m11.5646s,2,,,2.392e+04,11.15,1.9008482,6.507e+05,6.507e+04,25,0.8,9.054,0.2448,10.95,23.15,18.97,5.855,2274,316.6,575.6,64.06,4.582e+06,4.275e+06,2.768,0.9103
31,0,1232,1409,21,12h01m54.6408s -18d53m11.5086s,2,,,7632,11.15,1.2511231,2.076e+05,2.076e+04,25,0.8,16.38,1.006,22.41,6.529,8.743,22.89,1151,227,864.3,781,4.885e+07,3.837e+08,13.09,34.32
32,0,1339,1593,19,12h01m54.4593s -18d53m11.5366s,1,,,9759,11.15,1.6057134,2.799e+05,2.799e+04,26.36363636,0.8,8.178,0.2761,10.58,14.45,9.684,4.383,1271,185.2,950.1,163.6,1.209e+07,1.647e+07,2.68,1.255
33,0,1149,1657,17,12h01m54.3962s -18d53m11.5646s,1,,,1.203e+04,11.15,1.7892544,3.45e+05,3.45e+04,26.36363636,0.8,4.711,0.1036,8.555,17.07,8.703,15.63,1518,235.9,145,909.1,6.811e+06,3.67e+07,0.6485,1.167
34,0,1353,1468,19,12h01m54.5826s -18d53m11.5366s,2,,,3891,11.15,1.5043962,1.058e+05,1.058e+04,25,0.8,5.128,0.1803,11.31,6.592,nan,3.936,459.3,98.55,nan,nan,nan,nan,nan,nan
35,1,1281,1480,25,12h01m54.5708s -18d53m11.4526s,2,3028,4163,1.913e+06,32.79,3.7053874,5.202e+07,5.202e+06,25,0.8,42.27,2.169,143.3,68.45,16,41.55,7.273e+04,3321,646.7,64.75,1.33e+07,1.054e+07,6.365,1.888
36,1,1281,1480,25,12h01m54.5708s -18d53m11.4526s,2,2915,4004,1.716e+06,32.24,3.7053874,4.667e+07,4.667e+06,25,0.8,42.39,2.194,144.6,68.87,161.3,89.56,6.623e+04,3312,571.2,57.43,1.172e+07,1.961e+07,7.191,4.126
37,1,1281,1480,25,12h01m54.5708s -18d53m11.4526s,2,77,1702,1.35e+05,22.65,3.7053874,3.672e+06,3.672e+05,25,0.8,21.33,1.011,18.43,13.13,18.14,4.2,5088,480.8,3554,380.5,1.641e+08,1.163e+08,2.602,0.7011
38,1,1281,1480,25,12h01m54.5708s -18d53m11.4526s,2,2861,3929,1.613e+06,31.97,3.7053874,4.387e+07,4.387e+06,25,0.8,42.46,2.21,149.5,68.44,163.5,44.29,6.285e+04,3267,522.5,52.31,1.061e+07,8.76e+06,7.78,2.388
39,2,1280,1427,20,12h01m54.6231s -18d53m11.5226s,2,22,22,1.162e+04,11.37,1.9970152,3.161e+05,3.161e+04,25,0.8,6.518,0.204,8.371,14.49,3.227,21.44,827.2,140.4,9663,5.968e+04,2.343e+08,4.67e+09,0.5023,3.337
40,2,1374,1489,23,12h01m54.5619s -18d53m11.4806s,2,,,2.004e+04,11.15,1.3837432,5.451e+05,5.451e+04,25,0.8,18.69,0.9449,13.17,8.648,nan,6.994,1556,262.8,nan,nan,nan,nan,nan,nan
41,2,1281,1480,25,12h01m54.5708s -18d53m11.4526s,2,742,1672,1.16e+05,22.5,3.7053874,3.155e+06,3.155e+05,25,0.8,16,0.6551,18.19,13.1,17.87,2.676,4009,394.2,3144,324.1,8.292e+07,3.875e+07,1.679,0.3321
42,2,816,1688,33,12h01m54.3656s -18d53m11.3406s,1,,,2.043e+04,11.15,1.3153316,5.861e+05,5.861e+04,26.36363636,0.8,14.67,1.722,14.79,12.16,12.84,8.134,1744,247.9,1132,202.2,3.493e+07,6.699e+07,5.456,3.727
43,2,1231,1605,26,12h01m54.4475s -18d53m11.4386s,1,,,4.208e+04,11.15,1.8092748,1.207e+06,1.207e+05,26.36363636,0.8,11.06,0.4394,24.91,15.83,27.05,13.5,3898,358.4,525.1,60.01,4.374e+06,6.572e+06,3.175,1.636
44,2,743,1640,20,12h01m54.413s -18d53m11.5226s,1,,,5288,11.15,1.630328,1.517e+05,1.517e+04,26.36363636,0.8,9.657,0.6487,6.192,8.191,nan,1.541,454.9,116.5,nan,nan,nan,nan,nan,nan
45,1,1206,1475,28,12h01m54.5757s -18d53m11.4106s,2,2067,2194,1.434e+06,25.01,2.7383971,3.901e+07,3.901e+06,25,0.8,32.62,1.181,139.6,69.04,158.6,43.6,5.809e+04,3028,493.7,49.43,6.101e+06,5.088e+06,5.01,1.51
46,2,685,1612,24,12h01m54.4406s -18d53m11.4666s,1,1493,5561,2.49e+05,37.35,8.4534025,7.143e+06,7.143e+05,26.36363636,0.8,12.75,0.4363,16.93,18.89,23.12,2.724,3811,456.9,4252,430.1,5.509e+07,2.058e+07,0.6098,0.1031
47,2,631,1712,27,12h01m54.3419s -18d53m11.4246s,1,384,679,3.233e+04,16.72,3.7284856,9.275e+05,9.275e+04,26.36363636,0.8,9.077,0.3613,9.365,17.5,11.09,2.812,1119,182.2,2401,291.2,3.286e+07,2.535e+07,1.141,0.324
48,1,1205,1475,28,12h01m54.5757s -18d53m11.4106s,2,1166,1239,1.137e+06,20.18,2.7223458,3.094e+07,3.094e+06,25,0.8,31.3,1.11,46.31,92.34,104.8,44.32,4.509e+04,2049,896.1,90.26,1.543e+07,1.966e+07,3.845,1.693
49,1,1204,1474,28,12h01m54.5767s -18d53m11.4106s,2,1051,1102,9.2e+05,19.39,2.683227,2.502e+07,2.502e+06,25,0.8,30.83,1.104,42.77,84.56,96.15,24.91,3.916e+04,2234,861.6,86.44,1.569e+07,1.235e+07,4.231,1.213
50,1,1129,1334,32,12h01m54.7148s -18d53m11.3546s,2,544,564,4.496e+05,15.91,2.599275,1.223e+07,1.223e+06,25,0.8,26.92,1.046,37.79,78.17,86.58,22.28,2.076e+04,1619,519.3,52.14,8.005e+06,6.262e+06,5.94,1.704
51,1,1129,1334,32,12h01m54.7148s -18d53m11.3546s,2,531,551,4.32e+05,15.82,2.599275,1.175e+07,1.175e+06,25,0.8,26.92,1.042,37.72,77.92,86.36,21.13,1.946e+04,1431,501.6,50.34,7.755e+06,5.776e+06,6.169,1.699
52,1,1129,1333,32,12h01m54.7158s -18d53m11.3546s,2,678,704,5.688e+05,16.89,2.647911,1.547e+07,1.547e+06,25,0.8,28.51,1.044,35.41,86.95,88.46,48.42,2.521e+04,1813,629.5,64.02,1.065e+07,1.754e+07,5.381,3.02
53,1,1129,1335,32,12h01m54.7138s -18d53m11.3546s,2,312,328,2.361e+05,14.12,2.523087,6.422e+06,6.422e+05,25,0.8,24.35,1.122,42.31,27.8,52.9,15.79,1.177e+04,961.6,730.4,74.08,1.508e+07,1.366e+07,5.656,1.855
54,2,1124,1336,32,12h01m54.7128s -18d53m11.3546s,2,224,237,1.593e+05,13.36,2.3370738,4.332e+06,4.332e+05,25,0.8,23.89,1.115,40.47,25.41,49.06,14.65,8052,701.8,573,58.25,1.228e+07,1.113e+07,7.483,2.458
55,0,1203,1554,25,12h01m54.4978s -18d53m11.4526s,2,,,4899,11.15,1.5239314,1.332e+05,1.332e+04,25,0.8,6.61,0.2761,13.22,4.739,nan,2.785,992.2,191.1,nan,nan,nan,nan,nan,nan
56,2,1155,1427,32,12h01m54.6231s -18d53m11.3546s,2,124,124,8.506e+04,12.35,2.1608884,2.314e+06,2.314e+05,25,0.8,20.88,0.8867,23.19,20.61,30.87,3.131,3267,340.5,773,77.67,2.011e+07,6.665e+06,6.737,1.117
57,0,1462,1734,25,12h01m54.3202s -18d53m11.4526s,1,,,1.191e+04,11.15,1.1631639,3.417e+05,3.417e+04,26.36363636,0.8,8.037,0.2939,10.6,16.94,12.82,6.35,1581,197.1,661.5,101.2,6.137e+06,9.149e+06,2.807,1.433
58,0,552,1382,30,12h01m54.6675s -18d53m11.3826s,2,12,12,2.424e+04,11.27,2.1355433,6.592e+05,6.592e+04,25,0.8,14.67,0.9384,10.6,19.62,15.48,13.47,3173,400.2,875.9,171.8,2.242e+07,5.867e+07,5.85,5.18
59,1,577,1867,42,12h01m54.189s -18d53m11.2145s,1,9413,2.653e+04,1.56e+06,78.66,7.977297,4.474e+07,4.474e+06,26.36363636,0.8,31.59,0.9592,92.32,64.11,123.8,37.58,3.381e+04,2052,929.1,93.16,1.379e+07,1.266e+07,3.198,1.04
60,2,1335,1382,28,12h01m54.6675s -18d53m11.4106s,2,,,5762,11.15,1.2855597,1.567e+05,1.567e+04,25,0.8,5.176,0.194,15.31,8.26,4.903,18.3,796,131.4,2076,4744,2.089e+07,2.339e+08,0.9707,3.624
61,0,1417,1491,29,12h01m54.5599s -18d53m11.3966s,2,,,1.332e+04,11.15,1.4497458,3.622e+05,3.622e+04,25,0.8,10.53,0.3875,17.29,11.83,15.18,5.566,1492,197.1,500.5,61.81,6.739e+06,7.461e+06,5.385,2.085
62,2,1339,1510,28,12h01m54.5412s -18d53m11.4106s,2,,,4881,11.15,1.2952958,1.328e+05,1.328e+04,25,0.8,5.397,0.2434,8.217,8.902,nan,1.858,909.7,182.2,nan,nan,nan,nan,nan,nan
63,2,1385,1546,28,12h01m54.5057s -18d53m11.4106s,2,,,9895,11.15,1.1653799,2.692e+05,2.692e+04,25,0.8,10.43,0.5641,17.24,10.73,13.37,7.52,1866,262.8,479,77.11,7.176e+06,1.215e+07,6.259,3.638
64,2,662,1643,28,12h01m54.41s -18d53m11.4106s,1,413,651,2.189e+04,16.52,3.6646109,6.278e+05,6.278e+04,26.36363636,0.8,6.264,0.1663,7.653,16.4,4.63,23.05,920.9,203.1,9323,3.01e+04,1.456e+08,2.174e+09,0.3351,1.669
65,1,577,1867,42,12h01m54.189s -18d53m11.2145s,1,6635,1.909e+04,9.628e+05,66.98,7.977297,2.762e+07,2.762e+06,26.36363636,0.8,25.77,1.244,34.29,68.45,76.76,23.09,1.869e+04,937.7,1492,150.2,2.377e+07,2.171e+07,2.138,0.7084
66,1,577,1867,42,12h01m54.189s -18d53m11.2145s,1,703,1.971e+04,1.06e+06,68.03,7.977297,3.04e+07,3.04e+06,26.36363636,0.8,25.6,1.292,35.49,68.08,77.93,40.12,2.282e+04,1287,1593,162.4,2.469e+07,3.828e+07,1.946,1.039
67,2,1142,1396,31,12h01m54.6537s -18d53m11.3686s,2,,,8144,11.15,1.440361,2.215e+05,2.215e+04,25,0.8,9.289,0.5837,13.6,9.009,3.678,24.33,958.8,164.3,5211,2.812e+04,2.252e+08,4.468e+09,1.659,10.98
68,2,1219,1460,28,12h01m54.5905s -18d53m11.4106s,2,2,2,1.708e+04,11.17,1.97071,4.646e+05,4.646e+04,25,0.8,6.813,0.2914,26.31,8.49,16.74,21.51,1675,289.7,527.8,132.5,2.696e+06,1.04e+07,1.937,2.502
69,1,1353,1477,32,12h01m54.5738s -18d53m11.3546s,2,856,895,2.251e+05,18.13,2.6221373,6.124e+06,6.124e+05,25,0.8,17.6,0.6649,22.68,54.12,54.16,18.68,1.124e+04,967.6,664.5,67.65,7e+06,7.298e+06,3.173,1.165
70,1,1353,1477,32,12h01m54.5738s -18d53m11.3546s,2,845,876,1.823e+05,18.01,2.6221373,4.959e+06,4.959e+05,25,0.8,18.33,0.7962,19.22,52.94,48.77,16.84,879,686.9,663.7,67.85,8.424e+06,8.796e+06,3.828,1.415
71,2,1181,1481,34,12h01m54.5698s -18d53m11.3266s,2,,,3.426e+04,11.15,1.7564759,9.32e+05,9.32e+04,25,0.8,18.91,1.113,35.54,14.01,31.71,14.84,3449,367.3,295.1,32.27,6.131e+06,8.663e+06,14.09,6.947
72,2,1181,1505,28,12h01m54.5461s -18d53m11.4106s,2,,,1.126e+04,11.15,1.4056888,3.064e+05,3.064e+04,25,0.8,7.212,0.3633,11.25,9.732,nan,6.237,1365,194.1,nan,nan,nan,nan,nan,nan
73,2,1116,1451,28,12h01m54.5994s -18d53m11.4106s,2,,,1.072e+04,11.15,1.5089172,2.916e+05,2.916e+04,25,0.8,7.497,0.455,14.31,10.35,9.015,9.606,1554,244.9,1142,420.8,1.312e+07,4.198e+07,2.012,2.168
74,2,1353,1477,32,12h01m54.5738s -18d53m11.3546s,2,422,445,4.175e+04,15.03,2.6221373,1.136e+06,1.136e+05,25,0.8,11.14,0.4523,14.86,28.12,28.18,17.07,2651,337.5,455.2,54.17,3.692e+06,6.728e+06,3.566,2.209
75,1,1054,442,41,12h01m55.5947s -18d53m11.2285s,345,1.683e+04,6.491e+04,3.805e+06,122.3,8.997068,7.03e+07,7.03e+06,16.98113208,0.8,48.74,2.919,73.51,98.93,137.5,43.11,6.565e+04,2494,1184,118.6,3.767e+07,3.592e+07,5.382,1.885
76,0,1054,442,41,12h01m55.5947s -18d53m11.2285s,345,1.758e+04,6.602e+04,4.326e+06,123.3,8.997068,7.992e+07,7.992e+06,16.98113208,0.8,51.57,3.198,74.19,100.1,139,40.39,8.913e+04,3703,1317,132,4.643e+07,4.116e+07,5.355,1.775
77,1,1054,442,41,12h01m55.5947s -18d53m11.2285s,345,1.617e+04,6.243e+04,3.417e+06,12,8.997068,6.314e+07,6.314e+06,16.98113208,0.8,37.78,1.74,64.62,85.27,119.4,36.75,6.056e+04,2431,141,141.5,3.106e+07,2.899e+07,3.125,1.052
78,1,1440,616,34,12h01m55.4231s -18d53m11.3265s,345,2143,3801,2.422e+05,31.51,4.557012,4.474e+06,4.474e+05,16.98113208,0.8,15.46,0.6056,13.3,18.49,18.43,4.194,1.199e+04,1102,4194,447.3,1.002e+08,6.958e+07,1.14,0.2971
79,2,1440,616,34,12h01m55.4231s -18d53m11.3265s,345,1701,3273,1.983e+05,29.53,4.557012,3.663e+06,3.663e+05,16.98113208,0.8,15.36,0.6114,12.9,18.05,17.46,5.846,9178,875,3824,441.2,9.52e+07,9.639e+07,1.303,0.4668
80,0,1440,616,34,12h01m55.4231s -18d53m11.3265s,345,2172,383,2.57e+05,31.61,4.557012,4.749e+06,4.749e+05,16.98113208,0.8,15.42,0.6313,13.3,18.49,18.43,4.194,1.419e+04,1389,4451,474.7,1.058e+08,7.351e+07,1.069,0.2796
81,1,1312,1346,41,12h01m54.703s -18d53m11.2286s,2,,,5.416e+05,11.15,1.8513101,1.473e+07,1.473e+06,25,0.8,84.85,5.009,30.25,32.82,48.1,12.58,1.393e+04,845.2,2027,205.4,5.588e+08,4.468e+08,27.22,8.271
82,2,1383,1385,32,12h01m54.6645s -18d53m11.3546s,2,51,51,5.442e+04,11.66,2.3122935,1.48e+06,1.48e+05,25,0.8,14.68,0.5383,21.19,30.5,37.39,12.84,3815,382.3,337,34.96,3.578e+06,3.712e+06,6.305,2.302
83,1,1054,442,41,12h01m55.5947s -18d53m11.2285s,345,1.503e+04,5.701e+04,2.832e+06,114.7,8.997068,5.232e+07,5.232e+06,16.98113208,0.8,31.86,1.016,71.37,49.03,94.53,30.46,4.973e+04,2386,1864,187.3,3.687e+07,3.591e+07,2.124,0.7294
84,1,1054,442,41,12h01m55.5947s -18d53m11.2285s,345,1.365e+04,5.165e+04,2.341e+06,109.2,8.997068,4.325e+07,4.325e+06,16.98113208,0.8,24.57,0.4584,70.62,47.08,92.06,27.22,4.018e+04,2323,1624,163.2,1.961e+07,1.752e+07,1.488,0.4677
85,0,1176,469,37,12h01m55.5681s -18d53m11.2845s,345,19,19,3.412e+04,11.34,2.2044184,6.304e+05,6.304e+04,16.98113208,0.8,12.58,0.7088,12.85,30.91,27.2,18.93,3811,442,271.3,34.2,2.909e+06,6.09e+06,7.911,5.633
86,1,1312,1346,41,12h01m54.703s -18d53m11.2286s,2,,,2.353e+05,11.15,1.8513101,6.399e+06,6.399e+05,25,0.8,77.35,5.402,19.49,32.29,36.78,8.588,7088,561.5,1506,153.3,4.511e+08,3.253e+08,39.83,11.54
87,1,1312,1346,41,12h01m54.703s -18d53m11.2286s,2,,,2.431e+05,11.15,1.8513101,6.612e+06,6.612e+05,25,0.8,77.38,5.355,19.53,32.54,37,5.768,7441,585.3,1537,155,4.583e+08,2.281e+08,38.8,8.971
88,2,1312,1346,41,12h01m54.703s -18d53m11.2286s,2,,,1.894e+05,11.15,1.8513101,5.152e+06,5.152e+05,25,0.8,47.98,2.191,19.14,29.28,34.21,6.064,5213,418.1,1401,141.8,1.737e+08,9.529e+07,17.7,3.949
89,2,1112,1413,33,12h01m54.6369s -18d53m11.3406s,2,9,9,1.455e+04,11.24,1.9624932,3.959e+05,3.959e+04,25,0.8,7.361,0.2885,18.38,11.1,15.14,9.023,1215,197.1,55,85.13,3.627e+06,6.502e+06,2.4,1.463
90,0,1542,1657,34,12h01m54.3962s -18d53m11.3266s,1,57,57,1.14e+05,11.72,2.1501865,3.27e+06,3.27e+05,26.36363636,0.8,12.78,0.5618,80.82,26.23,72.74,29.18,1.266e+04,1114,196.7,19.94,8.136e+05,9.852e+05,4.207,1.778
91,2,1592,1620,32,12h01m54.4327s -18d53m11.3546s,1,,,3.667e+04,11.15,1.81743,1.052e+06,1.052e+05,26.36363636,0.8,10.48,0.4407,14.64,33.22,31.22,23.34,5521,591.3,343.6,42.31,2.228e+06,5.006e+06,3.776,2.866
92,2,1542,1657,34,12h01m54.3962s -18d53m11.3266s,1,57,57,6.836e+04,11.72,2.1501865,1.961e+06,1.961e+05,26.36363636,0.8,12.26,0.4519,22.01,37.99,43.58,16.28,6457,498.7,328.7,33.94,2.088e+06,2.354e+06,3.868,1.523
93,0,575,1729,32,12h01m54.3252s -18d53m11.3546s,1,76,76,1.148e+04,11.9,3.164404,3.292e+05,3.292e+04,26.36363636,0.8,6.57,0.2625,8.617,14.17,3.528,27.55,1008,179.2,8419,5.59e+04,1.897e+08,4.444e+09,0.5356,4.183
94,1,1054,442,41,12h01m55.5947s -18d53m11.2285s,345,1.266e+04,4.954e+04,2.188e+06,107,8.997068,4.043e+07,4.043e+06,16.98113208,0.8,23.97,0.4466,71.03,46.6,91.85,28.58,3.584e+04,2141,1525,153.3,1.758e+07,1.652e+07,1.512,0.4974
95,2,1399,685,32,12h01m55.355s -18d53m11.3545s,345,29,29,1.44e+04,11.44,2.1313019,2.66e+05,2.66e+04,16.98113208,0.8,4.974,0.1541,20.55,11.89,18.31,11.47,2165,280.7,252.5,36.18,6.283e+05,1.183e+06,1.972,1.257
96,2,1040,1267,39,12h01m54.7809s -18d53m11.2566s,2,,,5.797e+04,11.15,1.7630768,1.577e+06,1.577e+05,25,0.8,18,0.5776,30.68,20.59,36.87,14.47,5088,495.8,369.2,38.76,5.975e+06,7.073e+06,8.771,3.598
97,2,1325,1415,32,12h01m54.6349s -18d53m11.3546s,2,81,81,1.703e+04,11.95,2.06281,4.632e+05,4.632e+04,25,0.8,6.912,0.3037,8.476,20.14,11.87,8.338,1217,191.1,1047,213.5,7.766e+06,1.64e+07,1.417,1.014
98,2,1235,1449,32,12h01m54.6014s -18d53m11.3546s,2,,,903,11.15,1.8546536,2.456e+05,2.456e+04,25,0.8,7.667,0.5005,24.2,7.835,13.81,11.3,1382,238.9,409.8,83.59,3.213e+06,7.906e+06,3.828,3.196
99,1,1131,407,38,12h01m55.6292s -18d53m11.2705s,345,4434,1.909e+04,8.037e+05,66.98,8.302967,1.485e+07,1.485e+06,16.98113208,0.8,19,0.5134,30.82,41.28,55.24,16.48,1.029e+04,851.1,1549,156.9,1.866e+07,1.683e+07,1.556,0.4967
100,2,1426,592,33,12h01m55.4468s -18d53m11.3405s,345,306,347,1.161e+04,14.27,3.0034654,2.144e+05,2.144e+04,16.98113208,0.8,nan,nan,13.04,14.25,13.45,6.266,802.7,134.4,377.4,54.44,nan,nan,nan,nan
101,0,1408,747,35,12h01m55.2939s -18d53m11.3125s,345,,,3.287e+04,11.15,1.3079426,6.073e+05,6.073e+04,16.98113208,0.8,7.719,0.2622,20.1,28.71,34.85,8.46,4992,627.2,159.2,16.26,5.013e+05,3.7e+05,3.959,1.074
102,0,1007,1057,35,12h01m54.9881s -18d53m11.3126s,2,,,2.165e+04,11.15,1.4179819,5.887e+05,5.887e+04,25,0.8,7.979,0.1974,19.88,14.04,20.68,5.245,1897,221,438.3,46.7,2.486e+06,1.912e+06,2.59,0.7176
103,2,1261,1394,33,12h01m54.6556s -18d53m11.3406s,2,,,8184,11.15,1.6587195,2.226e+05,2.226e+04,25,0.8,8.266,0.3243,14.5,7.434,nan,17.43,1084,182.2,nan,nan,nan,nan,nan,nan
104,2,1290,1439,35,12h01m54.6112s -18d53m11.3126s,2,1,1,1.576e+04,11.16,1.91301,4.288e+05,4.288e+04,25,0.8,9.195,0.3023,20.9,8.759,13.18,13.4,1489,238.9,786.1,198.3,9.29e+06,2.837e+07,3.009,3.082
105,1,606,1719,44,12h01m54.335s -18d53m11.1866s,1,359,7166,9.939e+05,41.97,3.4786625,2.851e+07,2.851e+06,26.36363636,0.8,21.75,0.8834,31.66,76.57,78.07,31.96,4.831e+04,3109,1489,150.7,1.662e+07,2.052e+07,1.5,0.6438
106,2,703,1472,35,12h01m54.5787s -18d53m11.3126s,2,,,2.532e+04,11.15,1.6632515,6.886e+05,6.886e+04,25,0.8,11.87,1.213,35.27,16.68,35.28,11.56,4116,534.6,176.1,18.28,1.296e+06,1.307e+06,8.361,3.335
107,2,624,1792,33,12h01m54.263s -18d53m11.3406s,1,87,99,2.808e+04,12.12,2.3421378,8.054e+05,8.054e+04,26.36363636,0.8,7.949,0.3662,19.03,13.77,19.55,7.063,2069,265.8,670.6,76.68,3.992e+06,4.36e+06,1.776,0.6857
108,2,577,1867,42,12h01m54.189s -18d53m11.2145s,1,4157,9191,4.497e+05,47.16,7.977297,1.29e+07,1.29e+06,26.36363636,0.8,19.55,0.9609,21.31,51.26,50.76,30.66,1.244e+04,943.7,1594,169.2,2.211e+07,4.018e+07,1.742,1.08
109,2,526,1898,40,12h01m54.1585s -18d53m11.2425s,1,349,412,8.454e+04,14.78,2.929778,2.425e+06,2.425e+05,26.36363636,0.8,15.83,0.7257,22.72,14.23,23.32,12.01,4007,346.4,1419,170.2,2.809e+07,4.357e+07,2.793,1.487
110,0,1354,449,38,12h01m55.5878s -18d53m11.2705s,345,13,1994,1.954e+05,24.08,4.405986,3.609e+06,3.609e+05,16.98113208,0.8,13.62,0.6347,50.22,19.57,47.83,15.07,9835,722.7,502.3,51.2,3.589e+06,3.428e+06,2.847,0.9779
111,0,1404,525,35,12h01m55.5128s -18d53m11.3125s,345,1906,3453,1.197e+05,30.22,4.2532816,2.212e+06,2.212e+05,16.98113208,0.8,7.106,0.1399,41.16,22.31,46,21.01,5258,433,332.7,34.72,6.728e+05,9.249e+05,1.216,0.5708
112,2,1145,1318,38,12h01m54.7306s -18d53m11.2706s,2,44,44,2.352e+04,11.59,2.3156712,6.396e+05,6.396e+04,25,0.8,15.25,0.696,10.38,12.15,4.797,5.665,1331,215,8847,6593,7.901e+08,2.801e+09,2.02,2.401
113,0,578,1532,38,12h01m54.5195s -18d53m11.2706s,2,,,3.81e+04,11.15,1.4995557,1.036e+06,1.036e+05,25,0.8,13.88,0.5593,20.24,61.61,54.63,14.79,7817,106,110.5,11.17,7.179e+05,5.902e+05,11.76,3.523
114,2,546,1453,37,12h01m54.5974s -18d53m11.2846s,2,,,1.982e+04,11.15,1.3930006,5.391e+05,5.391e+04,25,0.8,15.06,0.9791,46.66,23.39,50.73,11.7,4096,698.8,66.69,6.73,5.49e+05,3.904e+05,24.71,6.993
115,0,1443,463,36,12h01m55.574s -18d53m11.2985s,345,779,1419,7.619e+04,21.18,3.4147255,1.408e+06,1.408e+05,16.98113208,0.8,9.452,0.3149,22.44,13.85,22.61,7.427,4508,543.5,876.9,95.66,6.383e+06,6.338e+06,1.661,0.5812
116,2,1120,449,37,12h01m55.5878s -18d53m11.2845s,345,1025,2837,1.399e+05,27.79,8.079607,2.585e+06,2.585e+05,16.98113208,0.8,11.25,0.4247,11.77,26.29,22.53,10.21,2285,259.8,1621,189.3,1.678e+07,2.291e+07,1.278,0.6008
117,0,1190,988,63,12h01m55.0561s -18d53m10.9206s,345,173,238,1.224e+06,13.37,2.1821516,2.26e+07,2.26e+06,16.98113208,0.8,58.82,3.965,94.07,174.8,207.7,48.53,6.926e+04,3449,166.8,16.69,5.12e+06,3.69e+06,36.82,10.59
118,2,1008,807,46,12h01m55.2347s -18d53m11.1585s,345,,,9.836e+04,11.15,1.6200733,1.817e+06,1.817e+05,16.98113208,0.8,18.43,1.029,14.95,27.47,27.84,8.918,7512,561.5,746.5,78.98,1.678e+07,1.633e+07,6.027,2.132
119,0,1106,951,38,12h01m55.0926s -18d53m11.2706s,345,993,1511,2.728e+05,21.67,3.8563514,7.421e+06,7.421e+05,25,0.8,13.9,0.5496,43.07,28.54,54.2,15.43,2.472e+04,2159,804.1,81.4,5.282e+06,4.56e+06,1.635,0.5099
120,1,1106,951,38,12h01m55.0926s -18d53m11.2706s,345,962,1431,1.847e+05,21.24,3.8563514,5.025e+06,5.025e+05,25,0.8,13.54,0.5623,40.3,28.44,52.14,16.09,1.388e+04,1317,588.4,59.76,3.813e+06,3.564e+06,2.204,0.7379
121,1,606,1719,44,12h01m54.335s -18d53m11.1866s,1,3448,6936,8.22e+05,41.34,3.4786625,2.358e+07,2.358e+06,26.36363636,0.8,21.49,0.8742,31.69,75.45,77.52,23.74,3.851e+04,2371,1249,125.8,1.371e+07,1.272e+07,1.758,0.5842
122,1,606,1719,44,12h01m54.335s -18d53m11.1866s,1,3388,6817,7.545e+05,41.01,3.4786625,2.164e+07,2.164e+06,26.36363636,0.8,21.32,0.8647,31.6,75.63,77.49,16.83,3.57e+04,2362,1147,115.1,1.239e+07,8.228e+06,1.885,0.4758
123,1,606,1719,44,12h01m54.335s -18d53m11.1866s,1,3368,6753,7.06e+05,40.83,3.4786625,2.025e+07,2.025e+06,26.36363636,0.8,21.14,0.8466,31.88,75.71,77.89,22.95,3.302e+04,221,1063,106.9,1.123e+07,1.003e+07,1.991,0.6395
124,2,1131,407,38,12h01m55.6292s -18d53m11.2705s,345,1564,5723,2.844e+05,37.84,8.302967,5.255e+06,5.255e+05,16.98113208,0.8,12.67,0.4211,27.65,14.91,27.91,6.593,3525,364.3,2147,221.5,2.273e+07,1.634e+07,0.9869,0.2615
125,0,1531,705,39,12h01m55.3353s -18d53m11.2565s,345,72,72,4.401e+04,11.86,2.3809426,8.131e+05,8.131e+04,16.98113208,0.8,12.26,0.6169,36.49,16.19,35.36,17.66,4861,456.9,207,22.48,1.62e+06,2.439e+06,7.569,3.93
126,1,1190,988,63,12h01m55.0561s -18d53m10.9206s,345,155,218,8.874e+05,13.19,2.1821516,2.414e+07,2.414e+06,25,0.8,59.52,4.095,25.49,132.9,92.97,72.18,5.368e+04,3288,889,91.65,6.24e+07,1.457e+08,15.8,12.56
127,1,1190,988,63,12h01m55.0561s -18d53m10.9206s,345,155,216,8.216e+05,13.18,2.1821516,2.235e+07,2.235e+06,25,0.8,59.26,4.025,25.24,132.3,92.25,76.79,4.818e+04,2948,835.8,86.59,5.861e+07,1.467e+08,16.79,14.26
128,1,1190,988,63,12h01m55.0561s -18d53m10.9206s,345,96,145,4.859e+05,12.55,2.1821516,1.322e+07,1.322e+06,25,0.8,59.51,4.138,24.17,130.1,89.45,92.3,3.114e+04,2067,525.8,55.64,3.835e+07,1.189e+08,27.76,29.03
129,1,1155,835,52,12h01m55.207s -18d53m11.0745s,345,,,3.708e+05,11.15,1.8851522,1.009e+07,1.009e+06,25,0.8,50.26,2.448,26.43,81.55,73.39,14.26,2.491e+04,1502,596.2,59.8,3.781e+07,2.267e+07,21.29,5.095
130,1,1155,835,52,12h01m55.207s -18d53m11.0745s,345,,,3.406e+05,11.15,1.8851522,9.265e+06,9.265e+05,25,0.8,50.16,2.483,25.59,83.82,73.19,38.63,2.347e+04,1445,550.6,56.33,3.486e+07,5.543e+07,23.01,12.57
131,2,1178,901,39,12h01m55.1419s -18d53m11.2566s,345,,,5.454e+04,11.15,1.7784996,1.484e+06,1.484e+05,25,0.8,13.12,0.5589,37.8,28.1,49.96,14.63,7478,710.8,189.2,19.21,1.2e+06,1.066e+06,6.712,2.155
132,1,1155,835,52,12h01m55.207s -18d53m11.0745s,345,,,3.178e+05,11.15,1.8851522,8.644e+06,8.644e+05,25,0.8,50.1,2.483,25.64,80.73,71.83,32.7,2.281e+04,1472,533.2,54.28,3.432e+07,4.713e+07,24.16,11.51
133,2,1106,951,38,12h01m55.0926s -18d53m11.2706s,345,833,1238,8.935e+04,20.18,3.8563514,2.43e+06,2.43e+05,25,0.8,8.662,0.2115,40.58,13.85,34.27,25.01,417,394.2,658.7,78.17,2.657e+06,5.824e+06,1.225,0.9047
134,1,606,1719,44,12h01m54.335s -18d53m11.1866s,1,311,6122,5.169e+05,39.03,3.4786625,1.483e+07,1.483e+06,26.36363636,0.8,19.46,0.7347,30.54,75.65,76.12,46.64,2.196e+04,1693,814.5,83.79,7.465e+06,1.375e+07,2.252,1.408
135,0,1199,527,36,12h01m55.5109s -18d53m11.2985s,345,,,3.435e+04,11.15,1.8249453,6.346e+05,6.346e+04,16.98113208,0.8,12.72,0.835,23.52,14.54,24.36,8.074,355,516.7,340.4,36.77,4.168e+06,4.201e+06,7.197,2.665
136,2,1120,976,38,12h01m55.068s -18d53m11.2706s,345,97,97,6.628e+04,12.1,2.3189669,1.803e+06,1.803e+05,25,0.8,9.56,0.3721,31.65,19.77,36.64,18.35,6453,612.2,427.4,46.19,1.964e+06,2.96e+06,2.151,1.111
137,2,1199,1033,39,12h01m55.0117s -18d53m11.2566s,345,,,3.565e+04,11.15,1.6559106,9.697e+05,9.697e+04,25,0.8,9.333,0.3529,18.95,30.31,34.75,14.32,4986,552.5,255.6,27.12,1.18e+06,1.466e+06,3.616,1.557
138,1,626,1655,39,12h01m54.3982s -18d53m11.2566s,1,941,1465,1.373e+05,21.42,3.2808557,3.939e+06,3.939e+05,26.36363636,0.8,12.9,0.5453,43.52,15.67,38.62,10.61,6473,674.9,840.6,85.95,6.676e+06,5.57e+06,1.891,0.5754
139,2,656,1628,41,12h01m54.4248s -18d53m11.2286s,1,605,894,9.186e+04,18.13,2.6107159,2.635e+06,2.635e+05,26.36363636,0.8,12.91,0.581,24.63,15.96,26.99,10.12,4328,519.6,1151,124.8,1.309e+07,1.483e+07,1.976,0.7873
140,1,1054,442,41,12h01m55.5947s -18d53m11.2285s,345,3137,1.137e+04,5.182e+05,52.18,8.997068,9.574e+06,9.574e+05,16.98113208,0.8,15.26,0.4868,16.22,42.57,38.92,27.23,7398,564.4,2012,228.5,2.218e+07,4.663e+07,1.097,0.7784
141,2,1029,1373,38,12h01m54.6763s -18d53m11.2706s,2,11,11,4.895e+04,11.26,2.0209858,1.331e+06,1.331e+05,25,0.8,10.91,0.5651,16.28,43.95,39.76,20.86,6361,746.6,268.1,28.83,1.477e+06,2.335e+06,4.114,2.238
142,2,626,1655,39,12h01m54.3982s -18d53m11.2566s,1,289,486,3.028e+04,15.34,3.2808557,8.685e+05,8.685e+04,26.36363636,0.8,7.501,0.2153,13.63,12.25,11.45,2.361,1423,188.1,2109,239.8,1.91e+07,1.202e+07,0.859,0.203
143,2,451,1824,44,12h01m54.2315s -18d53m11.1865s,1,1253,257,1.809e+05,26.67,3.5987885,5.189e+06,5.189e+05,26.36363636,0.8,23.99,0.9994,41.05,13,33.16,8.067,5053,492.8,1502,153.8,4.805e+07,3.562e+07,4.261,1.176
144,2,1054,442,41,12h01m55.5947s -18d53m11.2285s,345,783,2012,1.188e+05,24.17,8.997068,2.195e+06,2.195e+05,16.98113208,0.8,9.231,0.2638,16.95,11.6,14.46,6.017,1746,241.9,334,441.1,3.624e+07,4.542e+07,0.6502,0.2807
145,2,778,1538,43,12h01m54.5136s -18d53m11.2006s,2,3,3,2.649e+04,11.18,1.9598321,7.206e+05,7.206e+04,25,0.8,12.31,0.5936,21.96,28.85,36.93,8.244,396,552.5,168.2,17.09,1.271e+06,8.694e+05,8.998,2.366
146,2,746,1585,40,12h01m54.4672s -18d53m11.2426s,1,,,1.242e+04,11.15,1.6927079,3.561e+05,3.561e+04,26.36363636,0.8,10.51,0.5099,15.84,6.817,nan,24.34,1356,23,nan,nan,nan,nan,nan,nan
147,0,938,1745,42,12h01m54.3094s -18d53m11.2146s,1,55,55,5.652e+04,11.7,2.1063328,1.621e+06,1.621e+05,26.36363636,0.8,11.57,0.5225,10.2,43.74,29.47,15.69,6555,66,594.2,67.59,4.974e+06,7.971e+06,2.819,1.548
148,2,1048,419,42,12h01m55.6174s -18d53m11.2145s,345,1126,2244,1.154e+05,25.24,7.182637,2.133e+06,2.133e+05,16.98113208,0.8,9.998,0.4467,11.58,32.69,26.28,21.61,2653,349.4,983.2,134.9,6.89e+06,1.702e+07,1.426,1.188
149,2,1109,490,43,12h01m55.5474s -18d53m11.2005s,345,755,955,7.974e+04,18.51,2.932756,1.473e+06,1.473e+05,16.98113208,0.8,14.85,0.5996,23.62,16.65,27.01,10.1,4406,543.5,642.9,69.62,9.665e+06,1.091e+07,4.679,1.85
150,1,1155,835,52,12h01m55.207s -18d53m11.0745s,345,,,2.615e+05,11.15,1.8851522,7.112e+06,7.112e+05,25,0.8,45.52,2.358,14.39,39.25,34.39,20.63,2.086e+04,1541,1914,216,2.125e+08,3.836e+08,11.61,7.159
151,0,959,1268,41,12h01m54.7799s -18d53m11.2286s,2,,,8.119e+04,11.15,1.6085899,2.208e+06,2.208e+05,25,0.8,14.89,1.041,19.06,34.28,37.63,17.34,1.097e+04,782.4,496.4,52.89,5.389e+06,7.507e+06,4.376,2.152
152,2,1215,1327,41,12h01m54.7217s -18d53m11.2286s,2,58,58,3.388e+04,11.73,2.1437035,9.216e+05,9.216e+04,25,0.8,12.75,0.5712,21.96,13.41,21.63,10.9,1764,241.9,627,76.5,8.683e+06,1.318e+07,4.42,2.305
153,2,606,1719,44,12h01m54.335s -18d53m11.1866s,1,854,1844,8.071e+04,23.36,3.4786625,2.315e+06,2.315e+05,26.36363636,0.8,14.96,0.657,10.65,13.99,9.141,8.52,3474,394.2,8819,2838,3.978e+08,1.114e+09,1.024,0.9637
154,1,1156,669,52,12h01m55.3708s -18d53m11.0745s,345,7,891,4.783e+05,18.11,2.8320308,8.836e+06,8.836e+05,16.98113208,0.8,28.2,0.7362,46.4,42.01,69.57,20.25,2.35e+04,1517,581.1,58.57,1.224e+07,1.077e+07,7.252,2.263
155,2,1074,790,47,12h01m55.2514s -18d53m11.1445s,345,7,7,6.312e+04,11.22,1.9693666,1.166e+06,1.166e+05,16.98113208,0.8,20.4,0.8891,61.07,23.62,59.18,27.49,6999,764.5,106,10.89,1.373e+06,1.922e+06,24.46,11.81
156,2,599,1524,40,12h01m54.5274s -18d53m11.2426s,2,,,2287,11.15,1.0562371,6.219e+04,6219,25,0.8,5.266,0.2124,12.18,7.553,nan,9.014,709.1,158.3,nan,nan,nan,nan,nan,nan
157,2,1156,835,52,12h01m55.207s -18d53m11.0745s,345,,,1.117e+05,11.15,1.8747313,2.063e+06,2.063e+05,16.98113208,0.8,33.6,1.626,13.34,32.54,28.92,17.56,9565,955.7,785,92.77,5.646e+07,1.031e+08,18.34,11.42
158,0,991,910,47,12h01m55.1331s -18d53m11.1446s,345,,,3474,11.15,1.1483356,9.448e+04,9448,25,0.8,2.792,0.1759,6.203,12.26,nan,4.647,1365,355.4,nan,nan,nan,nan,nan,nan
159,0,950,1320,43,12h01m54.7286s -18d53m11.2006s,2,,,9372,11.15,1.5703604,2.549e+05,2.549e+04,25,0.8,8.57,0.4818,24.32,5.988,8.639,33.51,2,370.3,1087,1469,1.703e+07,1.981e+08,2.882,11.19
160,0,1384,1469,46,12h01m54.5816s -18d53m11.1586s,2,,,1.948e+04,11.15,1.1702754,5.298e+05,5.298e+04,25,0.8,13.43,0.5594,15.45,16.77,19.36,9.886,2814,286.7,450.1,57.41,7.724e+06,1.188e+07,7.63,4.022
161,2,565,1732,44,12h01m54.3222s -18d53m11.1866s,1,14,14,1.42e+04,11.29,2.166386,4.072e+05,4.072e+04,26.36363636,0.8,7.449,0.4494,12.14,15.04,13.13,7.643,1409,244.9,752.4,125.2,5.859e+06,1.028e+07,2.072,1.249
162,2,570,1784,44,12h01m54.2709s -18d53m11.1866s,1,486,878,3.96e+04,18.03,4.917437,1.136e+06,1.136e+05,26.36363636,0.8,9.03,0.24,34.68,8.748,22.17,18.81,1793,334.5,735.6,112,4.983e+06,1.27e+07,1.843,1.578
163,0,1589,899,47,12h01m55.1439s -18d53m11.1446s,345,,,2.569e+04,11.15,1.5748519,6.988e+05,6.988e+04,25,0.8,10.87,0.5507,35.55,12.81,29.89,15.06,4239,489.8,249,27.91,1.815e+06,2.755e+06,5.855,3.066
164,0,866,1460,47,12h01m54.5905s -18d53m11.1446s,2,,,1.982e+04,11.15,1.4222096,5.391e+05,5.391e+04,25,0.8,15.25,0.5944,19.07,9.034,12.04,16.03,3081,462.9,1184,410.3,4.214e+07,1.684e+08,6.016,8.047
165,2,1153,363,53,12h01m55.6726s -18d53m11.0604s,345,408,483,1.26e+05,15.32,2.4869926,2.328e+06,2.328e+05,16.98113208,0.8,42.85,2.779,13.41,42.77,34.72,23.18,4428,480.8,614.8,70.98,5.99e+07,1.204e+08,31.71,21.8
166,2,1129,514,52,12h01m55.5237s -18d53m11.0745s,345,412,421,8.874e+04,14.85,2.8651774,1.639e+06,1.639e+05,16.98113208,0.8,22.8,1.361,8.253,14.58,2.778,37.35,6098,549.5,6.765e+04,9.827e+05,2.331e+1,9.406e+11,1.02,13.71
167,1,1156,669,52,12h01m55.3708s -18d53m11.0745s,345,528,649,3.006e+05,16.51,2.8320308,5.554e+06,5.554e+05,16.98113208,0.8,23.89,0.6385,38.49,42.85,63.62,17.71,1.512e+04,1117,436.8,44.05,7.22e+06,6.086e+06,7.575,2.277
168,2,1102,875,46,12h01m55.1676s -18d53m11.1586s,345,,,5431,11.15,1.1929448,1.477e+05,1.477e+04,25,0.8,5.07,0.2428,5.831,9.58,nan,1.733,1061,176.2,nan,nan,nan,nan,nan,nan
169,2,1153,671,54,12h01m55.3688s -18d53m11.0465s,345,56,56,6.117e+04,11.71,2.5578935,1.13e+06,1.13e+05,16.98113208,0.8,20.35,1.033,21.03,16.55,24.68,5.79,3991,456.9,590.4,61.39,1.824e+07,1.31e+07,10.47,2.875
170,2,1333,1316,50,12h01m54.7326s -18d53m11.1026s,2,,,6702,11.15,1.0827767,1.823e+05,1.823e+04,25,0.8,15.6,0.8064,10.73,7.149,nan,4.852,680.1,137.4,nan,nan,nan,nan,nan,nan
171,0,1013,1515,47,12h01m54.5363s -18d53m11.1446s,2,188,188,2.887e+04,12.93,3.0409958,7.853e+05,7.853e+04,25,0.8,4.435,0.07776,22.45,35.82,42.6,16.23,4234,427.1,137.7,14.26,1.171e+05,1.344e+05,1.236,0.4886
172,2,1070,746,54,12h01m55.2948s -18d53m11.0465s,345,,,5.529e+04,11.15,1.4689689,1.022e+06,1.022e+05,16.98113208,0.8,15.52,0.6315,31.44,18.66,35.22,15.44,7296,940.7,262.1,27.98,3.303e+06,4.366e+06,9.622,4.398
173,2,1168,1252,49,12h01m54.7957s -18d53m11.1166s,2,,,8801,11.15,1.1108156,2.394e+05,2.394e+04,25,0.8,14.6,0.8969,12.21,10.64,5.737,11.57,1155,179.2,2315,2454,1.584e+08,9.591e+08,5.913,11.97
174,0,1200,1267,51,12h01m54.7809s -18d53m11.0886s,2,,,2.657e+04,11.15,1.563525,7.228e+05,7.228e+04,25,0.8,14.03,0.6913,40.85,13.07,33.17,8.17,2671,379.3,209.1,21.42,2.286e+06,1.719e+06,10.47,2.968
175,2,1200,1267,51,12h01m54.7809s -18d53m11.0886s,2,,,1.69e+04,11.15,1.563525,4.596e+05,4.596e+04,25,0.8,9.892,0.3973,18.53,11.58,16.03,10.36,1452,197.1,569.5,89.37,6.404e+06,1.244e+07,3.952,2.604
176,2,1170,588,52,12h01m55.4507s -18d53m11.0745s,345,,,1.742e+04,11.15,1.6226041,3.219e+05,3.219e+04,16.98113208,0.8,12.77,0.4845,7.667,13.42,nan,13.11,2368,352.4,nan,nan,nan,nan,nan,nan
177,0,766,938,50,12h01m55.1054s -18d53m11.1026s,345,13,13,1.835e+04,11.28,2.0405405,4.991e+05,4.991e+04,25,0.8,7.645,0.3926,10.63,23.82,18.95,20.67,2221,277.7,442.6,88.35,2.515e+06,8.24e+06,2.569,2.827
178,0,1031,1345,55,12h01m54.704s -18d53m11.0326s,2,,,9.971e+04,11.15,1.7751895,2.712e+06,2.712e+05,25,0.8,13.32,0.4601,39.18,50.03,69.79,17.11,1.221e+04,1129,177.3,17.82,8.296e+05,6.184e+05,5.284,1.446
179,0,1282,1095,73,12h01m54.9506s -18d53m10.7806s,2,455,505,6.566e+05,15.48,2.7033582,1.786e+07,1.786e+06,25,0.8,41.44,2.176,32.85,89.53,86.37,57.23,2.847e+04,1598,761.9,78.19,2.79e+07,5.561e+07,9.618,6.524
180,2,1180,799,55,12h01m55.2426s -18d53m11.0325s,345,,,1.16e+04,11.15,1.4764855,2.142e+05,2.142e+04,16.98113208,0.8,9.077,0.5315,9.36,11.85,nan,14.1,1643,253.8,nan,nan,nan,nan,nan,nan
181,2,1153,688,55,12h01m55.3521s -18d53m11.0325s,345,12,12,934,11.27,2.2482884,1.726e+05,1.726e+04,16.98113208,0.8,7.034,0.188,13.73,6.968,nan,6.442,1115,188.1,nan,nan,nan,nan,nan,nan
182,1,1297,1178,64,12h01m54.8687s -18d53m10.9066s,2,,,1.492e+05,11.15,1.7818062,4.058e+06,4.058e+05,25,0.8,34.12,1.726,26.18,48.92,55.44,18.86,9102,863.1,420.2,42.73,1.625e+07,1.674e+07,18.42,6.791
183,2,1141,604,61,12h01m55.4349s -18d53m10.9485s,345,,,3.668e+04,11.15,1.8574972,6.778e+05,6.778e+04,16.98113208,0.8,18.11,1.007,11.75,24.61,21.31,15.63,3342,301.6,475.1,68.29,1.346e+07,2.969e+07,11.94,8.934
184,1,1178,950,60,12h01m55.0936s -18d53m10.9626s,345,,,4.944e+04,11.15,1.7870585,1.345e+06,1.345e+05,25,0.8,13.21,0.4981,24.79,47.42,52.89,26.15,5418,582.4,153.1,15.9,9.296e+05,1.384e+06,7.942,4.05
185,1,1186,910,58,12h01m55.1331s -18d53m10.9906s,345,,,3.12e+04,11.15,1.6166841,8.488e+05,8.488e+04,25,0.8,10.79,0.4429,13.48,34.01,30.02,9.009,3496,388.2,299.8,31.3,2.142e+06,1.948e+06,4.768,1.558
186,2,1186,910,58,12h01m55.1331s -18d53m10.9906s,345,,,1.885e+04,11.15,1.6166841,5.128e+05,5.128e+04,25,0.8,7.179,0.1419,11.96,25.82,22.49,15.92,2223,355.4,322.7,44.37,1.362e+06,2.895e+06,2.618,1.874
187,1,1305,1195,60,12h01m54.8519s -18d53m10.9626s,2,,,8.976e+04,11.15,1.6557966,2.442e+06,2.442e+05,25,0.8,22.89,0.8742,21.81,35.93,41.96,16.6,586,603.3,441.3,45.86,1.015e+07,1.211e+07,10.43,4.329
188,2,1305,1195,60,12h01m54.8519s -18d53m10.9626s,2,,,6.82e+04,11.15,1.6557966,1.855e+06,1.855e+05,25,0.8,20.22,0.8819,16.57,30.89,32.28,16.42,4357,448,566.6,62.67,1.322e+07,2.025e+07,8.243,4.333
189,0,1459,1886,58,12h01m54.1703s -18d53m10.9905s,1,41,41,5.235e+04,11.56,2.0232697,1.501e+06,1.501e+05,26.36363636,0.8,9.298,0.2626,21.55,26.36,34.51,6.597,3951,385.3,401.3,40.68,1.852e+06,1.083e+06,2.301,0.5132
190,2,1191,887,58,12h01m55.1558s -18d53m10.9906s,345,,,8153,11.15,1.2977747,2.218e+05,2.218e+04,25,0.8,9.139,0.6269,11.1,13.54,9.32,5.829,1093,182.2,812.7,182.7,1.341e+07,2.527e+07,4.065,2.635
191,0,1164,1277,62,12h01m54.771s -18d53m10.9346s,2,,,5.995e+04,11.15,1.454729,1.631e+06,1.631e+05,25,0.8,18.72,1.019,37.34,13.51,31.97,24.06,5797,585.3,507.8,62.15,1.025e+07,2.318e+07,7.956,6.1
192,2,1178,950,60,12h01m55.0936s -18d53m10.9626s,345,,,9873,11.15,1.7870585,2.685e+05,2.685e+04,25,0.8,5.861,0.2047,12.03,14.98,12.89,4.767,994.5,149.3,514.8,67.93,2.528e+06,2.822e+06,1.909,0.7437
193,2,1313,1318,66,12h01m54.7306s -18d53m10.8786s,2,,,1.74e+04,11.15,1.452766,4.733e+05,4.733e+04,25,0.8,18.86,1.101,24.14,9.124,16.49,16.5,1929,271.8,554.3,115.2,2.202e+07,6.623e+07,14.34,14.53
194,2,1347,1336,67,12h01m54.7128s -18d53m10.8646s,2,,,7.86e+04,11.15,1.7698662,2.138e+06,2.138e+05,25,0.8,25.05,1.222,16.42,25.74,28.4,2.352,299,313.6,843.6,84.68,3.434e+07,9.788e+06,9.656,1.568
195,0,1459,1986,61,12h01m54.0717s -18d53m10.9485s,1,532,1219,4.419e+04,20.07,5.8049674,1.268e+06,1.268e+05,26.36363636,0.8,6.403,0.214,13.76,10.21,7.828,5.236,1365,185.2,6586,1812,6.353e+07,1.277e+08,0.2932,0.1993
196,2,1189,988,63,12h01m55.0561s -18d53m10.9206s,345,91,13,3.743e+04,12.41,2.1775057,1.018e+06,1.018e+05,25,0.8,12.56,0.4374,12.81,20.85,19.89,7.838,2105,241.9,818.9,95.25,1.196e+07,1.422e+07,3.571,1.473
197,2,1296,1178,64,12h01m54.8687s -18d53m10.9066s,2,,,1.068e+04,11.15,1.7593424,2.906e+05,2.906e+04,25,0.8,9.014,0.4869,10.55,11.55,3.449,5.721,851.8,167.2,7775,1.124e+04,3.374e+08,1.68e+09,1.117,1.86
198,2,1317,1194,63,12h01m54.8529s -18d53m10.9206s,2,,,1.071e+04,11.15,1.4735513,2.914e+05,2.914e+04,25,0.8,10.82,0.672,9.292,15.64,8.597,15.04,943.2,173.2,1255,776.6,3.149e+07,1.654e+08,4,7.028
199,0,1319,1023,66,12h01m55.0216s -18d53m10.8786s,2,,,3.36e+04,11.15,1.5431762,9.139e+05,9.139e+04,25,0.8,16.95,0.8376,41.79,13.69,34.66,31.79,6451,812.3,242.2,30.92,3.696e+06,1.018e+07,12.61,11.7
200,1,1244,1239,74,12h01m54.8085s -18d53m10.7666s,2,,,1.042e+05,11.15,1.6631304,2.833e+06,2.833e+05,25,0.8,21.49,0.6447,48.64,15.04,40.29,23.51,7403,630.1,555.6,60.58,1.173e+07,2.059e+07,7.607,4.527
201,2,1271,1270,73,12h01m54.7779s -18d53m10.7806s,2,,,1.59e+04,11.15,1.5548571,4.325e+05,4.325e+04,25,0.8,12.81,0.7612,11.13,24.63,20.36,9.487,2118,304.6,332.1,40.28,4.93e+06,6.934e+06,8.948,4.394
202,1,1282,1095,73,12h01m54.9506s -18d53m10.7806s,2,167,2,7.285e+04,13.04,2.7033582,1.981e+06,1.981e+05,25,0.8,13.89,0.5862,18.15,36.79,38.13,21.53,4103,513.7,433.7,47.46,4.043e+06,6.869e+06,4.302,2.493
203,2,1289,1131,73,12h01m54.9151s -18d53m10.7806s,2,5,5,4.731e+04,11.65,2.2193582,1.287e+06,1.287e+05,25,0.8,14.42,0.7136,19.93,16.49,23.63,4.193,2401,295.7,733.3,75.17,1.189e+07,6.544e+06,4.424,1.002
204,2,1243,1241,74,12h01m54.8066s -18d53m10.7666s,2,,,4.151e+04,11.15,1.5699685,1.129e+06,1.129e+05,25,0.8,18.54,0.7007,25.26,12.71,23.2,12,3188,424.1,668.1,80.37,1.823e+07,2.838e+07,8.176,4.35
205,2,1282,1095,73,12h01m54.9506s -18d53m10.7806s,2,79,103,1.413e+04,12.16,2.7033582,3.843e+05,3.843e+04,25,0.8,8.67,0.5792,6.284,22.35,7.812,38.62,1217,241.9,2005,3811,3.554e+07,5.271e+08,1.77,8.755
